Address,Balance
5DHrbXYWqBechiF4DLLcF44wB31G1am3PsAuHMYxyFdGe21m,1000000000000000
5EcmWB9yGXcY39kmfpLCx1Aqb2DmCikuD5KkUZHqQQDbwimM,1000000000000000000
5HN1xLdp4sy4ZFD8sX9Z5Yj7LUbo6hbPz1UDy8vSeWz3p8sc,5000000000000000000
5Dt2mRqpTM3KSkZgQRXpRUptMqB3YrQm69Do91q4ti6FqQ9V,5000000000000000000
5FWSRCyjawFrk7BEZNL6buYodp3UrmZ8CB6HpjGTiY2iA6QL,5000000000000000000
5HEiraQFT2pHqK697etfwi4q1Yrb6bhSMurVHwFr2jijpJmv,5000000000000000000
5FjsFFTXJCJeP3ujHjwSM7AgPQHe2DHU9ZNYASjRSzRRwEwL,100000000000000000
5HMvhXULuUL3eoeLFejHGnmuvEUwV4pU5d7pgp3LVCKXHa76,1000000000000000
5E2aupdPYshyBFbFoN4in7QMRt44eKfLprmk6znioYdmYU38,1000000000000000
5G4cFk5xpnQDvHuYGL45fjcx5aQnjQV6xgzuZikg7gZiLN1U,1000000000000000
5GqHn463RoNjTnmmR3iLvUcPjwfy81Gc4Piro6W6XftHSfQC,1000000000000000
5F6bEsTrVkUR12LP1J9ErGkrT2qb54tTaenH6RRoJbxSYMEr,1000000000000000
5EF7WDfZ1Mkkd6rPFzDjmqHq159FwFKTbkCSq1TLA5nXtL8n,4685576480000000000
5Dq592Du8244Q1pra3MRSvJHSH4Lm5A1KMQsKkfdBWAcNynT,4685576480000000000
5GYWLzx3FGgX7amWo9xXkxaBjJA8VYLmhZMv3eib5bfb1Yo9,4685576480000000000
5EyVKQSdpKnzt5vw7TTjb82aZoyUeZbeH88S9KaXRv9viRVB,4685576480000000000
5ENzJXQtZvFnNjzDz4Joge2FR9pxqrMLpH6qZBake4XZwQmV,4685576480000000000
5CPzN5vBUwP3rMXmNcYwuf2s4VADtEGYq99sbck7yWhkBjjP,5093223520000000000
5CrSTdQ6nby5rHDLGCCS7uDdsim5SeZH1jFHih8UkccW8sxp,5093223520000000000
5FnZk1BMkTYFGVoKm6RV3vTukok7hSd7KVDRad9jcjA3cQa2,5093223520000000000
5DZrGw4Y1jaBKwxEoPX2wJRxvoK9k8AKPBExDzEwjLz3SwSp,5093223520000000000
5H4LxjpFjqFpvBRP7kSqbco5Bo9GpsLPjo8TtkiDT9zqJrmD,5093223520000000000
5G3x2ZYq2bGJA1AefPDhysEnYcqJpCyQHo8CoZixrrTSZtuU,7750000000000000000
5GBiarpVckvgj4JUnuYfGsv1Qo2C5LdtHjcQPL9TrgpYKzUg,7750000000000000000
5E54QiYW5JnDHmaBFYsbiJCUNeZxeChDxbr23UK9UNUcxh4Q,7750000000000000000
5HbfEABgBvEb7KJ1PEycvPu5mvzvY2kqcB2gREeMhHzoyEdm,7750000000000000000
5F9u5JoNMY24pYtzRU9vhtMsqskwqkBdYDcQVNBxjvJY57Sx,7750000000000000000
5HdaQVv1EjwADSN7jt95x7JABBE3m6u24etLso4YMYDWJZK4,7750000000000000000
5FxwXhS8CKuftkwNL3VwjuwWyfgRmVAYovdcHf9kxTK74LPL,7750000000000000000
5Fh7rNUEvA37gY7Nm7hmgXGom3ijfUoCT2aZcVrNhPa47CYe,7750000000000000000
5H6PtUXcsBkQEueK8SUF9KD2M8Cwk716PYJp5N2BEj5YjZva,7750000000000000000
5CnjYPtZmxprqHAWGTFB8NdXYidTRLsmMTbyFdVxj2qPucXT,7750000000000000000
5EPNMdgmLwsJaxm84xahuiTkm3jUFb6x4tVqFyrKEGABJZKF,7750000000000000000
5ECTdDShsebKjt5cdtWevNdj1gevuYEUG2wsYwkMwTEnFFCn,7750000000000000000
5CX8FjLP5UyrUwhzCsTfPE2sqC2sLPRbjkCV8QbaW7PtmEGi,7750000000000000000
5HGxAoTcvmCTmiqE4hbyyeuFvQzVmcnEdS6fQ5iYMdu4Nukm,7750000000000000000
5H9D8R2HUjMuUdead18vmk1orbSMDYqfEiNsT2mcmQADJTeZ,7750000000000000000
5GEMa5pPPEeeuVYkuPBbKNua1nitBntcC1bnaqyctCRj3PPv,7750000000000000000
5FnwoEEPAL3rpxH9VNhjuG4qSaLjiyuKa3SWsdr9bcxvtwYG,7750000000000000000
5FFU7D5bx39WMViKgUe7JSTT2hN63BEVXSLGcmnEL5zbEdE5,7750000000000000000
5FpPNR8qHndwprbogG61rniiBgcTnWYkXggnQcw6QTQStjqG,7750000000000000000
5FjViH7x1jkNkhdNUeTsr1VcXLgozkW7cSToy8F1rScdd3o5,7750000000000000000
5HMcuph1DsUo3F2XTaWZi44mbPLELQmSrnUBZ5KT55Mv3za8,7750000000000000000
5F1QEuRhkHD6VfCkGVmgv2MecmUKvHLNYMMEq2xNxccoaziw,7750000000000000000
5GH8qs2QrHguPosbXFCwJUHx9PNanZn8pURKxkdFZrDKC4Ze,7750000000000000000
5EACxsNcqhuk3qw6qxf5nDTZ6EMDNQKSqLWz4CuAivcrckq3,7750000000000000000
5GzkyZXEWg7joj6WMTAW3FKURtFCGjNzF4TVM2FZLVwygze7,7750000000000000000
5DXZjd5ViiRftZcYrP4ehhJg6dNU4nUMoUQbe7tVHnT4JiJ6,7750000000000000000
5GjqbUiRLjdaBiioYsdPeeyP5dbqBSVNSoL9gnTgkjdMfXvZ,7750000000000000000
5HQNYhLkL86bnNNzcpLNrWun8fhQLgXd9eeEQDBzEpSJfLBy,7750000000000000000
5DRS3T1GXbsnwqfGPDssFKhJ5encZvYHsbggUsX1Jip1Xr4m,7750000000000000000
5Gzn4u7VL6dM59qf8cADUYgmirBuMis8u1YhPdEveBB24Nti,7750000000000000000
5CrCpmStyAVEmMQmhGD9CQMfi6VGHEGnzjPxHKh6bvrTEAhu,7750000000000000000
5FqPnufbATzefEW1iXyEQ7az6ShiuoFEj8i7XtJjRT8Pm371,7750000000000000000
5FjF5FCKwA3iiuYEtQmzpqgWr6xRDAdQCKHbu6WMETw6mnBt,7750000000000000000
5GzZEyqoTWpdYEEhEw4JPFoNcBzPQ5vaq9teRpkHY5GRdtAg,7750000000000000000
5Eydk8o73nxqejEXmvoZ84wGzzAHesyBUe2EVpz3gATkXzzi,7750000000000000000
5G9KKmMHNHWkNdPk3Gr8yEPZ3HpCSLV3ofF5QKxtjq3mm6WD,7750000000000000000
5CDd4dfTFZ5QvRPHzMk42bh1DqVomYqEVwFneVrseeyhGXCV,7750000000000000000
5EJ3AiPeNdMYPY8XTxDZTVp4mxCLa1mif16Vc6wUknxisVV5,7750000000000000000
5CfKN4yrcpXGG8J7GbwKS14gxFBpgp6VPmMgUDaKk5fbeoZh,7750000000000000000
5H1BmEZ5vrj2Hv4bVHAwfwB7dYRM73cKjnocqJKvCCrj74zq,7750000000000000000
5HVc2HNQH8DW73GKpiVq8U2g9sryCKStkpVaonVD8WL2Vn3w,2000000000000000000
5Cr4f1RCTyj2ChpJtNrFEh3JzLnwExNzvQWy5xwpgoMQ4gF1,2000000000000000000
5GeHAEAJedWDkosbSHHuraDywM2mQS5QtD4R5AxhfbRB9Xim,2000000000000000000
5FCVfimxxAEc2ZfZsyMxFcwunfcAsn9Pkznry37wX3hGoAR2,2000000000000000000
5ES4LPV2mWJjXyXURfbHunACsNARkhvXZGZeEDywnUyH8h8u,2000000000000000000
5GirqZPGx3kRopwD7RYZoFwwiKszYUrvSCFPoAvqDYKd1hCa,5000000000000000000
5DtJhMb9F6fbUNPnvG4N5fG9PmuQi1jJ9oDnnPHnDn5GLDWQ,5000000000000000000
5Hpfamx4ZgdJgyFH5pL7NjbQBBW72nqNzV19ThKf1kVgdqEA,5000000000000000000
5Gk2rjWNk5jxXSkLtryQXJmz5xpMJu2Ewwp1VmMs2MggapJX,5000000000000000000
5Dqpyw1YEKecvU83ZtMrztfHfo67JBHy7ZYrGTFARxvovML5,5000000000000000000
5HNjsVdwdQtbCbqeYq2pEKWi6EUJsuJhyYDkfVZDfniL8sRt,5000000000000000000
5EehGGpwzi7Y8eWGSKk8vwSiBuE1HXELZjRxwwE95Lb42nys,5000000000000000000
5HgnQkKYQVyV6s9bdXPSctewePr8UpwbJf1fBU9qicy6VVMv,5000000000000000000
5HMXHLSxnGy16MHcVRb3jxLci1PBwFkXQkYhAC665CsCRkyD,5000000000000000000
5HBnN8ziftFafXM42rLwoXaGCi46Qp66kXFBGaXV6uNimUJq,5000000000000000000
5G6NAE72PMRahnHgu4gUEquLoPnGVmBYc94jfiw3JdVoLHyf,5000000000000000000
5ETwZ9uvTCdLRCAvKeLRsDPeeu7YMBzSRJdew5nBGY4HenZd,5000000000000000000
5FqH7yiAtWpRPNxCUTZTxGa4aKreNK1T3EhHh5SNxYRKSbBL,5000000000000000000
5E6trwGvNZLaYxPvUYFBQjSrBPST2uxKcjLBBs3QZ87VB7yo,5000000000000000000
5EqQQcdMKg3pZ6dV16orrfkRUpv69Y65pe2WfLJ8ckBhSaD8,5000000000000000000
5G3XzJEYRHahKLv47tjtRubaWKd89oZrLCDSj323kBkiiwgF,5000000000000000000
5EvLY9FvzS4KFxRPjaMoawm7YJqTEHeeDrkS6p4pqZCU8uRw,5000000000000000000
5FYsXbFHChNLTnKFNNrt6hQvTYDGRs4r3iNK2AWc3cVX627L,5000000000000000000
5D4XUvkFCDjxNorMSqu8Xt21CMcJSo5d6Xp6X7j4Q5W6XJ4K,5000000000000000000
5Dnsgi6YwaKVNxtcMkaEX5xzt6qu6MnDxEvHBFHgXpr6RDSd,5000000000000000000
5CZtX3p8HUnKTqoGFM5Le3wJnf9t52CfSAnik6NePdEvqznR,5000000000000000000
5EYzK7g1QFPeF7WwfmNtUjcAZj34FvrFzFF2LA9zj9tQWkjk,5000000000000000000
5H3zLeqp9E6KxiMPNmGDSvcgARD3fLnqGDnQgYoqGkUK8amo,5000000000000000000
5FNLzriwQcw3TCGuNFyoPJTMMy7q8yVksu16cLngEp3H7cMt,5000000000000000000
5CAJqWVQqjDWoxtuuApZZcLBwkNEwQrieCeneiqPCRE5kbxc,5000000000000000000
5G4BuAtfxA7RPfXC2Y6H6bpTgua3ecPFdEr4LPV4w81C8JgP,5000000000000000000
5HREBrtkWvgcXnHAWK15ygZoh27oYhgkRxXuQQiZduPGoRnH,5000000000000000000
5HbnzUbmtxr2cGdeL7woP2zcmCS8LuKR4HnLN9N6rfvKdPfV,5000000000000000000
5HdG4ecwDBktvEx3qWKs7njt2NHUVW5UNLGkSdNjdDztVGwd,5000000000000000000
5D4R6hpp5EmqH6EXc7nHYXPw3DMjJDXyDrZLexEbHBMJSBM5,5000000000000000000
5HTkCAkR54YBZCuBLyyADYvxNjzkTkyTHW3wVmoqMebN8ePb,9600000000000000000
5CkHExEWJZnhcaKLLrSofxukh1oRvL1QLpRayAM8h5kcKr7T,9600000000000000000
5GbBenjURmR4fZcMajaZWcsQNFWvpz1UxU5yDvxa5yibgnMQ,9600000000000000000
5Gn4wxvHoG6w4usrTVuDt4jkfGwbMZVkMWZdhS9sP46EqqR3,9600000000000000000
5HMj9jKSSerbZaSW2aY1YmYPfQHuzKWsa1MVTsYwahLtGzGL,9600000000000000000
5H9MKsQUe9QqBPCY7osdGL2KNMGBmovaratLPFDSnsPbedSd,9600000000000000000
5CCjqj34GzCm91yiRdeW4j1d7FSCJHmQ2voawwgVB6K67n2e,9600000000000000000
5HW4dHmY3PkCFXQ9zKf27cidM8Coqqg2H4Lj2sNpniLyixHi,9600000000000000000
5DywpDv6cGgdUCvNheLC5pfbNtGhKQBBmrAUVLmbad9wWjiK,9600000000000000000
5HgJ7y5eqUiVr4QvkMcPiGYWBmx9HnWocEXLvgESGMTUFVJW,9600000000000000000
5Gj8ysiMndrG4jYtzB69EVnu2c81LLy2vx4RtxEPt5TmWDgJ,9600000000000000000
5FpNHzRsQVtNgbJ7wwv1e16j2d6X6Ck3Uobg7iFKPkC3tXjX,9600000000000000000
5CcuBJWZKE44PPr3mYk99oHqwsquJWofUzGmfqNB1pfhQH3c,9600000000000000000
5HfvdhczHwhQD4XV8jGWvVsgrsoNt8kbKg4s3E678KNdJDTi,9600000000000000000
5D7EAcFsbuE3CxBtN1sLEZchrHY31rqHdQeGYXak3t5V6WEK,9600000000000000000
5DtTyKNB2GLVj2v3EuvXaNiumZsmo7xxwphMiVwkQ2cSLVtW,9600000000000000000
5Gbv1WLswJDwoFLxuAHdYUoiXCjG5HaCYn3q7UsxHBJn6AkX,9600000000000000000
5GTpmsiLEUXm2i5X7zUARXngMdQzamS4siSZjQTRetCfN9U4,9600000000000000000
5DS3eZR5VVuifEeTFqpPkXcrAhkrA1TmpMkQGTske5qfCh5a,9600000000000000000
5FNY6bsyvrdXmisvvfBgY4oxVNrycuWjkkh9HWuCPCXP82bJ,9600000000000000000
5GxsqUHmjgSr7J1RMYDCgsH7T6UVZLQvqBEad61HP8XuJZwo,9600000000000000000
5FvUHFdqmxTG9EJQXLVT7D5Xa95PLzkAJKMWbTc7F4tid9et,9600000000000000000
5CFnak5fENNyqo1csPQYcE6eRGRic7FVmksxNshHy2qwus1K,9600000000000000000
5GNn2w6ik5ygKNnodgFcXU9EFjYqfHjJnK4c834JE1ZsHsTe,9600000000000000000
5FhCspkRDVf3uC4fSG8zfuNR8QJaFhaDXbWbWWTbv3w7adeq,9600000000000000000
5FRc4qXbobshcGLCgf4Raf7bVxRsWh5vABeQjkKJRkkJ6WTU,8800000000000000000
5CJmxXNyERQL5oHhm8jt8jbGae1VPWwfH1P2Wo8jLN3Hmqho,8800000000000000000
5FCPniJrrArQUiEZmguSrr6jd7gJrraLcWj1P4G6UBSiRi2Z,8800000000000000000
5F4TAVLzyfqv7KKCbEvujD9jFX7Y7h1opqvFfmZeAvNtHtJD,8800000000000000000
5DZnwmMHK1nur5hWz8LsM8M61AJiL1xJu6igMCtuKHuvTGaK,8800000000000000000
5Ctg4pgnqUZdLKetwEq4ro7YdN1c4eaAS6o1JX8VyiHipfxU,8800000000000000000
5H66wqTKtofsdQyzU2UAT1jVxfts6U4pb2mQbiYEBCFe2GS7,8800000000000000000
5E5EF4KnuHFhDgxTjfHcJKm4ycx36J16RSjxvroDMZ88L8ju,8800000000000000000
5DoVcXEN3WorR7NEw5H2PJjGsSqwZg8TKknhN9Q2KUeAcbkQ,8800000000000000000
5EnVVfCUFHUPHdtrRXNQYKcdCjrHHgMJ22gufkodJUL9gWgw,8800000000000000000
5DUS6tsPhXjsTCPLQKzVmyHnn5PgoybSgbHxBgU7Nsm2r3AG,8800000000000000000
5FjcX18KJLTDJsS3jYLPhK5q7QmRjuBPNHHL11dX9bBS461v,8800000000000000000
5G1DQGQRervax8KL4avYDuGhqEckZrJH9KrnQRZyfrMiZcLk,8800000000000000000
5HmFAHb8Rbbpt4XH8rR5u55sYW4Psno228ZBVwur3ZBJ6pZx,8800000000000000000
5CAuCuAbLj83kQHcDniT5MbBp97acXsrLrwuX6QgpyWZ7YEh,8800000000000000000
5GzZp175cUoP3kVScdurqjeao7eoJpCV6e7T4dgYYGha7qJk,8800000000000000000
5Dnikz8m5MtCyr5SW8PEDsd12GirYdTvNdpyxX5Qc72pP67e,8800000000000000000
5CJuvtmrU7n6CewBRddZhnTeo1mtjCNvWR7xB9ZUfRZPWzRp,8800000000000000000
5FKZ5Zz3BEnjbZF6MDkUsmJZsGV76GYfAbejghGqn6iFTA6p,8800000000000000000
5HmU8XcJRNASBt6y5tMmy7D6EShgHCT2WB2GaqEPkPuK8Mdx,8800000000000000000
5D7NpMumxR8Fg51rnHDUQz93w4jMLjs2eVScjCP8eyVSZFWM,8800000000000000000
5D1wxphiY15f7wb4X1XebuoqkbxXnqd3k4gtECW7HZLB7w4U,8800000000000000000
5CZt8QxbnWuKcpMH1JYJwp7t1TVQxcHrDWNKoNrfB7iyNuFX,8800000000000000000
5E9iAoBKBUUkYjhoMFe28K9D2NMHqDxeiwiJ9xVZSEi4R7pT,8800000000000000000
5CqxDFhCeAXdpg2GQ6mKmhRvLQwfArn72Zv4Sy9wgsnr5H2g,8800000000000000000
5EYCAe5cHvXp3GAe94dYPGjLqQdn7cnYuENAn66SntQkNTAG,33333333
5EYCAe5cvUJf6LZWiVyKqfq5JZJo4n9WeKq8C5FQBaUEDWA6,33333333
5EYCAe5cHUC3LZehbwavqEb95LcNnpBzfQTsAxeUibSo1Gtb,33333333
5Co4ZLBF4J6GzskisW4UdNNcVs6PjzFFy9uJnTS5m9SL21QN,33333333
5EYCAe5jKY9j69x8cq7xe628h9h1YbBAKhx7mvveWfNchvxJ,33333333
5EYCAe5ijiYfyeZ2JJCGq56LmPyNRAKzpG4QkoQkkQNB5e6Z,33333333
